1	alternate history
11	cyberpunk
21	steampunk
31	science fiction
41	victorian
51	fantasy
61	new weird
71	time travel
91	nanotechnology
101	posthuman
111	virtual reality
121	space opera
131	artificial intellige
141	military sf
151	parallel universe
161	paranormal romance
171	medieval fantasy
181	young-adult fantasy
191	vampire romance
201	sf thriller
6238	Michael Moorcock
221	vampires
231	young-adult sf
241	far future
251	detective
261	near future
271	historical fantasy
281	dark fantasy
291	horror
301	paranormal mystery
311	samurai
321	shapechanger
331	sword and sorcery
341	urban fantasy
351	novelization
361	shapechangers
371	ship AI
381	dyson sphere
391	science fantasy
401	mystery
411	associational
421	young-adult
431	young-adult historic
441	young-adult associat
451	space pirates
461	first contact
471	religion
481	generation starship
491	telepathy
501	post apocalypse
511	alien invasion
521	singularity
531	dragons
541	occult thriller
551	pirates
561	fairytale
571	zombies
581	fantasy romance
591	literary sf
6622	Kindle
611	magical realism
621	Fix up
631	hard sf
641	superhero
651	secondary source
661	X Minus 1
671	india
681	nongenre?
691	historical
701	faery
711	library/book-related
721	humor
731	ghosts
741	reference
751	western
761	dinosaurs
771	transhuman
781	action-adventure
801	ace-double
811	egyptian-mythos
821	marooned
831	cosmic
841	android
851	prehistoric
861	survival
871	afterlife
881	mega-engineering
891	parallel world
901	trading
911	mind cloning
921	noir
931	ecology
941	quest
951	psychohistory
961	pocket universe
971	lost colony
981	culture
991	space empire
1001	mutant
1011	teleportation
1021	heroic fantasy
1031	psychology
1041	cloning
1051	sabotage
1061	alien artifact
1071	diplomacy
1081	humorous
6237	A. E. van Vogt
1101	threaded novel
1121	psychological warfar
1131	special ops
6236	James Tiptree, Jr.
1151	colonization
6235	Fiji
1171	revolution
1181	space colony
1191	space navy
1201	mega-starship
1211	magic school
1221	parallel earth
1231	artifact
1241	exploration
7450	paganism
1261	new religion
1271	aquatic
1281	mars
1291	foundling
1301	overpopulation
1311	pollution
1321	martial arts
1331	norse-mythos
1341	sub-light speed
1351	corporate
1361	transdimensional
1371	romance
1381	uplift
1391	fictional biography
6232	Zambia
1411	assassin
1421	galactic empire
1431	gas giant planet
1441	archeology
1451	empire
1461	orphan
1471	hidden society
1481	military fantasy
1491	swashbuckling advent
1501	cyborg
1511	genetic engineering
1521	natural disaster
1531	integrated magic
1541	werewolf
1551	mega-fauna
1561	mega-flora
1571	non-planetary life
1581	moon
1591	lost heritage
1601	war with aliens
1611	asteroid
1621	asteroid belt
1631	conspiracy
1641	technological crisis
1651	human experiment
6231	philology
1671	vengeance
1681	zeppelin
1691	lycanthropy
1701	epic fantasy
1711	dimension travel
1721	into-tv
1731	into-movie
1741	superman
1751	secret breeding prog
6230	archaeology
1771	vampire
1781	mercenary
1791	into-radio drama
1801	dystopia
1811	social criticism
1821	colony
1831	hindu-mythos
1841	immortal
1851	galactic culture
6229	Egyptology
1881	prehistory
1891	exhile
1901	telekinesis
1911	from-rpg
1921	only aliens
1941	thief
7198	haunted spacesuit
1961	evolution
7157	evolvarium
1991	von neuman replicati
2001	chinese-mythos
2011	todo
2021	modern fantasy
2031	alien culture
6225	radiation
6224	ants
2061	alien perspective
2071	historical romance
2081	Young Adult
2091	Review
2093	bizarro
2097	asteroids
2101	spiritual
2105	psionic
2109	roman a clef
2113	fandom
2117	1940s
2121	levitation
2125	science essay
2129	private investigator
2133	Childrens
2137	wizards
2141	Dimension X
2145	Jack Vance pastiche
2149	fantasy anthology
2153	based on history
2157	strong female charac
2161	female leaders
2165	fantasy short story
2169	Atlantis
2173	spoof
2177	Suspense
2181	neo-victorian
2185	Soviet Science Ficti
2189	alien ecology
2193	symbiont
2197	early sf
2201	anthology
2205	business
2209	non-genre
2213	tomb
2217	murder
2221	shared universe
2225	russia
2229	short
2233	aerostat
2237	collection
2241	pyrokinesis
2245	precognition
2249	revenge
2253	thriller
2257	black ops
2261	from-movie
2265	RPG
6621	Tau Ceti
2273	maybe-comic
2277	audio
2281	Merril01
2285	essay
2289	history-of-sf
2297	graphic novel
2301	psionics
6223	virgin birth
6222	insomnia
2313	pick
6221	prometheus
2321	ai bootstrap
2325	ubermensch
2329	amnesia
2333	mechanical computers
6219	non-genre mystery
2345	into-board game
2349	into-rpg
2353	war
2357	female main characte
2361	power armor
2365	theatre
2369	art
2373	humanity enslaved
2377	storytelling
6218	alient technology
2389	augmented reality
2393	criticism
2397	from-board game
2401	historical character
2405	mathematics
2409	hunted
2413	crossover
2417	transported main cha
6217	H. G. Wells
2425	methane breathers
2429	derived
2433	origin story
2437	cliffhanger
2441	from-short
2445	computer magic
2449	undead
6216	inner space
2457	saturn-titan
2461	surprise ending
6215	retold fairy tales
2473	vehicle
2477	dueling
2481	into-game
2485	Hugo Award Winner
2489	aliens
2493	ai citizens
2497	portal-gates
2501	forerunner artifacts
2505	chrononaut
2509	inventor
2513	elves
2517	dwarves
2521	humans
2525	unicorns
2529	centaurs
2533	dogs
2537	goblins
2541	witches
2545	magic
2549	pixies
2553	ogres
2557	gnomes
2561	suspended animation
2565	Merril02
2569	Merril03
6214	azerbaijan
2577	mind augmentation
2585	private eye
2589	robot
2593	escape
2597	prison planet
2601	Merril04
2605	future war
2609	Merril05
2613	fix-up novel
2617	fanac
2621	Merril06
2625	Merril07
6213	time in reverse
2633	Merril08
2637	adventure
2645	Photo
2649	Merril09
2653	juvenile-sf
2657	juvenile
2661	Merril10
6212	Adam and Eve
2669	pgs
2677	napoleonic
2681	Satan
2685	depravity
2689	insanity
2693	satire
2697	ice world
2701	parody
2705	saturn
2709	alien manipulation
2713	belters
2717	needs story list
2721	corporate war
6211	Singapore
6234	Thailand
2733	literary criticism
2737	matter transmission
2741	teleportation device
2745	holding and modifyin
2749	hospital planet
2753	interstellar travel
2757	religious crisis
2761	cybernetic storage o
2765	barren planet
2769	research team
2773	language translation
2781	poetry recital
2785	aliens afraid of lig
2789	human teacher
2793	alien students
2797	humour
2801	cats
2805	goats
6209	futuristic mystery
2813	farmhand
2817	night world
6208	Thomas M. Disch
2825	fairytale style
2829	child protagonist
2833	magic poetry
2837	mistaken identity
2841	pulp hero
2845	secret lair
2849	arctic
2853	fairy
2857	aztec
2861	biography
2865	mad scientist
2869	reporter
2873	wild west
6271	charms
6262	sadomasochism
2885	Earth
2889	pga
2893	pgb
2901	poisonous environmen
2905	pgc
6207	animated toys
2917	pgg
2921	pgh
6206	autonomous objects
6205	circus
6204	alternatives to war
6203	metaphysical fantasy
6202	pseudonym
2949	pgl
2953	pgm
2957	The Hunters
6620	star colony
2965	pgp
2969	pgr
2973	only Earth
2977	only humans
6201	Todd Mason
2985	pgv
6200	thriler
2993	postcyberpunk
2997	lesbian
3001	possible Childrens
6619	Crime Noire
3009	second person view p
3013	King Arthur
3017	self insert
6199	spies
3025	Creator vs. Creation
3029	Monstrosity
3033	Pursuit of Knowledge
3037	Fear
3041	current era
6198	implants
3049	dianetics
3053	fictional game rules
3057	tv tie in
3061	Galouye
3062	beer
3063	smart gun
3064	Nebula Award Winner
3065	mythology
3066	angels
3067	demons
3068	speculative fiction
6197	Shakespeare
3070	wishes
3072	Dracula
3073	Cthulhu Mythos
3074	haunted house
3075	haunted
6196	Alfred Bester
3077	suicide
6195	ficção científica
3079	young-adult suspense
3080	supernatural
3082	vikings
3083	whales
3084	celtic
3086	possession
3087	erotica
6194	ópera espacial
3089	werewolves
6618	ape-man
6617	diary
3092	Bram Stoker Award Wi
3093	2nd person
3094	1st person
3095	Santa Claus
3096	Ditmar Award Winner
6193	ballet
6192	LIGHTER VEIN
3099	megastructure
3100	desert
3101	gladiators
3102	slavery
3103	folklore
3104	This is not SF but a
3105	Utopia
3106	music based magic
6270	resurrection
3108	familiar
3109	young-adult horror
3110	baseball
3111	alien contact
3112	Maine
3113	Teraforming
3114	deus ex machina
3115	sex
3116	quantum physics
3117	Newbery Medal
3118	scotland
3119	espionage
3120	terrorism
3121	your own story
6616	spaceships
3123	anthology-missing-co
3124	environment
3125	mermaids
3126	gorilla
3127	erotic fantasy
3128	gothic romance
3129	paranormal thriller
3130	pastoral
6272	frogs
3135	time theory
3136	robots
6273	yetis
6263	Cordwainer Smith
3139	computers
3140	fantasy thriller
3141	werewolf romance
3142	RPG inspired
3143	warrior cats
3144	paleontology
3145	secret history
3146	christian fantasy
3147	literary fantasy
3148	africa
3149	comedy
3150	alternate universe
3151	Gollancz/Sunday Time
3152	Ahmed A. Khan
3153	SF anthology
3154	philosophy
3155	Michael Bishop
3156	Ted Kosmatka
6266	Julio Cortázar
6191	cyberspace
3159	cold war politics
3160	endless war
3161	lost race
3162	spy
3163	gothic
3165	Adventure that moves
3166	novel
3167	game
3169	FTL
3170	Matter Transmition
3171	Medieval /13th centu
3172	battles
3173	sea warfare
3174	adult
3175	would make a great f
3176	good v evil
3177	african-american
3178	check author graphic
6615	cold war
3180	logosophy
3181	cosmology
3182	occult
3183	dark humor
3184	non terran ice age
3185	female author
3186	multiple time tracks
3187	islam
3188	england
3189	WWII
3190	Inklings
3191	action/adventure
3192	occult detective
3193	Bleiler78
3194	Early medieval fanta
3195	Internet Archive
3196	Google Books
3197	skyscraper
3198	Edgar Rice Burroughs
3200	puns
3202	androids
3203	embryo space coloniz
3204	slow interstellar tr
3205	habitable exoplanet
3206	embryo splitting
3207	extinction level eve
3208	supervolcano
3209	allegory
3210	boston
6190	hugo and nebula awar
3212	Childrens literature
3213	Childrens Fantasy
3214	crime
3215	animal fantasy
3216	young-adult animal f
3217	young-adult ghost st
3219	Futuristic romance
3220	Sf romance.
3221	SF horror
3222	time-travel romance
3223	religon
3224	suvival
3225	ghost
3226	demon
3227	young-adult Christia
3228	young-adult vampire
3229	occult-horror
3230	hollow earth
3231	possible non-genre
3232	vampire horror
3233	ghost romance
3234	bioterrorism
3235	fantasy elements
3236	non-genre satire
3237	romantic fantasy
3238	time loop
3239	paranormal
3240	space elevator
3241	cyber-conspiracy
3242	Wold Newton
3243	Spirit Possession
3244	business intelligenc
3245	supercomputers
3246	conspiracies
3247	techno-terrorism
3248	Mages
3249	Sentient plants
3250	Time machines
3251	Neanderthals
3252	Sabre tooth tigers
3253	Space ships
3254	Symbiotes
3255	Carnivorous plants
3256	Ice age
3258	Smart ships
3259	Young adult science 
3261	Body transfers
3262	Shamans
3263	young-adult ghost an
3264	ClaresonSFQ081953
3266	time-travel historic
3267	young-adult humorous
3268	young-adult time-tra
3269	Tolkien
3270	Juvenile horror
3271	opera
3272	new orleans
3273	african-american pro
3274	adult vampire
3275	alternate historical
3276	london
3277	female protagonist
3278	politics
3279	programmer
3280	california
3281	hard science fiction
3282	Bibliography
3283	Edgar Allen Poe
3285	juvenile fantasy
3286	aliens with wings
3287	theatrical reenactme
3288	live theater
3289	theater
3290	aliens believe in me
3291	claws on hands
3292	hands with dog toena
3293	aliens bestow questi
3294	dictatorship
3295	juvenile sf
3296	Traditional stories 
3297	Arthurian fantasy
3298	Bleiler78_a
3300	Bleiler78_L
3301	Mah-jong
6265	Rhysling Award Nomin
3303	Perry Rhodan
3304	wings
3305	paint
3306	glitter
3307	makeup
3308	cosmetics
3309	extinction
3310	extermination
3311	flying creatures
3312	refusal to communica
3313	communication gap
3314	flight
3315	either us or them
3316	endangered colony
3317	fried chicken
3318	restaurant
3319	selective breeding
3320	pgab
3321	pgam
3322	pgaa
3323	pgap
3324	pgag
3325	pgaz
3326	pgac
3327	pgas
3328	pgaw
3329	pgar
3330	pgal
3331	pgav
3332	pgak
3333	pgae
3334	pgah
3335	pgan
3336	short story
3338	pgad
3339	pgao
3340	water
3341	pgaq
3342	pgaf
3343	pgat
3344	pgaj
3345	fixup
3346	gbb
3347	gba
3348	pgai
3349	parallel worlds
3350	difficult space trav
3351	sliders
3352	interdimensional tra
3353	castle
3354	crash landing
3355	chased by the enemy
3356	given a language tut
3357	enfranchisement vers
3358	join or else
3359	standing before the 
3360	rescue girlfriend
3361	air cars
3362	ten day week
6188	Randall Garrett
3364	Acid Rain
3365	sleep
3366	medieval fantasy rom
3367	dolphin
3368	dolphins
3369	ai perspective
3370	terraforming
3372	historical fiction
3373	Librivox
3374	senior citizens
3375	social service progr
3376	transplanting brain 
3377	affirmative action
3378	government program
3379	infiltrating radical
3380	elderly citizens
3381	drug makes wrinkles
3382	scam
3383	altering age on id c
3384	young vs old
3385	spontaneous human co
3386	Heinlein Maneuver
3387	SCA-based
6187	pastiche
3389	AI
3390	map
3391	multi-species aliens
3392	frankenstein
3393	Parallel Time
3394	Time 
3395	Lucifer 
6264	Indonesia
3397	catowl
3398	mind control
3399	young-adult supernat
3400	science fiction, 
3401	futuristic
3402	sociological
3403	Flying Dutchman
3404	pre-cognition
3405	charm
6186	dieselpunk
3407	Films
3408	SF
3409	wireless telephone
3410	slasher
3411	succubus
3412	cannibalism
6185	astrology
3414	living tattoo
3415	dark carnival
3416	fairy tale
3417	erotic horror
3418	witch
3419	Historical fantasy r
3420	Young-adult werewolf
3421	manybooks
3422	coming of age
3423	dreams
3424	alternate reality
3425	multiverse
3426	apocalyptic
3427	infestation
3428	origins
3429	supernatural romance
3430	Locus Award Winner
3431	Newbery Award Winner
3432	eco-thriller
3433	libertarian science 
3434	Juvenile Fiction
3435	astral projection
3436	young-adult romance
3437	young-adult paranorm
3438	superpowers
3439	young-adult superher
3440	superhuman
3442	gay erotica
3443	non-genre humor
3444	sf criticism
3445	religious fantasy
3446	catastrophe
3447	time-travel fantasy
3448	oriental fantasy
3449	goddess
6553	teen historical fant
3451	angel
3452	celtic fantasy
3453	neo-nazis
3454	Horror in literature
6614	serial killers
3456	venus
3457	japanese
3458	absurdist fantasy
3459	rogues
3460	Riyria
3461	Sullivan
3462	obit
3463	Lilliputian
3464	Gargoyle
3465	Kelpies
3466	disaster
3467	bigfoot
3468	space station
3469	technomagic
3470	necromancer
3471	humourous
3472	occult horror
3473	zombie animals
3474	valkyries
3475	young-adult dark fan
3476	contemporary art
3477	non-fiction humor
3478	spiritualism
3479	juvenile humor
6182	carnivals
3481	hollywood
3482	non-fiction
3484	video games
3485	esp
3486	juvenile adventure
3487	satanism
3488	transmutation
3489	Company series
3490	Tarzan source
3491	bisexual
3492	Freemasons
3493	Hell
3494	Voodooism
3495	language
3496	reincarnation
3497	treasure
3498	hypnotism
3499	self-murder
3500	paradox
3501	introduction
3502	courtroom drama
3503	Lovecraftian
6181	science fact
6180	empaths
3507	paranormal suspense
3508	erotic sf
3509	paranormal erotica
3510	television
3511	game shows
3512	Britain
3513	sound
3514	deafness
3515	atlas
3516	antigravity
3517	lost world
3518	faeries
3519	gay romance
3520	concordance
3521	Christian allegory
3522	gothic fantasy
3523	humorous fantasy
3524	gothic mystery
6179	lesbian erotica
6178	curses
3527	mythological fantasy
3528	Interplanetary Patro
3529	Interplanetary Legio
3530	Mercury
3531	anti-gravity
3532	xenocide
3533	disintegrator ray
3534	Space egg
3535	Andes
3536	pre-Inca
3537	death ray
3538	lost city
3539	pacemaker
3540	wireless power
3541	energy relay
3542	semi-human dog peopl
3543	Martian Invasion of 
3544	eugenics board
3545	power catalyst
3546	time stasis
3547	coffee
3548	spinach
3549	bird people
3550	disintegrates
3551	time viewer
3552	future viewer
3553	love machine
3554	fourth-dimensional g
3555	human facsimilies
3556	microman
3557	time machine
3558	automatic food machi
3559	Antartica
3560	supercivilization
3561	flying suit
3562	natural language of 
3563	paranormal powers
3564	Disintegrator
3565	artificial wings
3566	paralyzation wand
3567	thought reading devi
3568	dinosaur movies
3569	space detective
3570	Earth-Mars Run
3571	social deviance surg
3572	lethal plants
3573	rocket plane
3574	animal tissue transp
3575	organ regeneration
3576	shrinking serum
3577	planetary detective
3578	thought transmitter
3579	thought control proj
3580	thought probe of dea
3581	rocket shoes
3582	solar system adventu
3583	end of sun
3584	giant dome cities
3585	circular time
3586	solar system regener
3587	artificial island
3588	unitary robot contro
3589	atomotors (flying ma
3590	atomic power
3591	air in space
3592	Lunarians
3593	elixir of immortalit
3594	fluid of life
3595	first moon voyage
3596	Martian attack
3597	heat rays
3598	green Martians
3599	dying Mars
3600	Mars attempting Eart
3601	aerial police
3602	disabling ray
3603	birth control
3604	Coal Sack
3605	giant insects
3606	silicon beings
3607	silicon ruler
3608	paralyzation ray
3609	underground race
3610	moving planets
3611	dome cities
3612	submen
3613	first spaceship
3614	Martians
3615	space mining
3616	platinum asteroid
3617	underground cities
3618	tripod walking machi
3619	space virus
3620	tidal power
3621	floating solar power
3622	eugenics bureau
3623	Plutonians
3624	atomic transformatio
3625	regulated gravity sp
3626	time capsule
3627	knowlede implantatio
3628	microscopic space se
3629	FTL communication
3630	exploration robots
3631	space flight to moon
3632	space tragedy
3633	force screen
3634	supermind
3635	thought monster
3636	stand still relativi
3637	asteroid sentients
3638	wind control
3639	weather control
3640	disintegration
3641	accidental time trav
3642	humaniform robot
6177	historical persons
3644	organ transplants
3645	etheric doubles
3646	Robert Asprin
3647	voodoo
3648	tarot cards
3649	swords
3650	French Quarter
3651	swashbuckling
3652	cults
3653	gods
3654	humaniform living ma
3655	radium motors
3656	petrifying liquid
3657	emotion machine
3658	electric duel
3659	dimensional mechanic
3660	fourth dimension
3661	geometrical rotation
3662	fourth-dimensional b
3663	eugenics
3664	strong emotions elim
3665	eugenics laws
3666	limp transplant
3667	muscle reading
3668	energy from air
3669	four-dimensional ste
3670	hyperstereoscope
3671	photon matter
3672	gigantism
3673	sub-atomic engineeri
3674	life creation
3675	photon ship
3676	fate calculation mac
3677	automated car
3678	automated housing
3679	autonomous machine
3680	machine leader
3681	central machine brai
3682	gigantic microscopic
3683	cultism
3684	Ganymede
3685	Callisto
3686	invisibility
3687	hunaniform robots
3688	entropy shell
3689	fourth dimensional t
3690	mechanical brain
3691	euthanasia
3692	boiling radium
3693	spaceship wreck
3694	paleoscope
3695	super speed
3696	Moon Calves
3698	comet tail space dri
3699	time paradox
3700	vampire plants
3701	flying submarine car
3702	mechanical statue
3703	hypnotic tube
3704	tissue creature
3705	traffic control
3706	maddened scientist
3707	space car
3708	reflected gravity dr
3709	cathode-ray death gu
3710	paralysis rods
3711	cosmic ray vision
3712	synthetic man
3713	Moon Empire
3714	Moonmen
3715	space monsters
3716	moon monsters
3717	invasion of Earth
3718	space algae
3719	moon metal
3720	machine cities
3721	gignatic space stati
3722	essence of life
3723	lost ruins
3724	exile city
3725	dragon people
3726	superscientific city
3727	vivasection
3728	great space brains
3729	living robot
3730	living machine
3731	tractor ray
3732	aerosubs
3733	disintegrating ray
3734	viewing apparatus
3735	magnetic force
3736	time shift
3737	immortality
3738	supernal genius
3739	disintegrated seas
3740	Earth invasion
3741	500 story buildings
3742	antigravity cars
3743	audiophone
3744	lethal tube
3745	disintegrating gas
3746	brain transplant
3747	disintegrator rays
3748	far-viewer
3749	hypnotic control
3750	spaceship plane
3751	stratosphere plane
3752	invisible flying pla
3753	gravity inverting ra
3754	winged men
3755	synthetic flesh dupl
3756	vivifying
3757	Air Navy
3758	invulnerable
3759	paralyzing ray
3760	lethal ray
3761	disintigrating ray
3762	man power flying uni
3763	Sirius
3764	meteor detector
3765	energy screens
3766	telepathic assault
3767	antigravity projecto
3768	gravitational vortex
3769	man powered airplane
3770	heavy water
3771	light water
3772	super race
3773	machine intelligence
3774	world conquest
3775	disintegrating rays
3776	giant walking machin
3777	super civilization
3778	super city
3779	Alpha Centauri
3780	magnetic disintegrat
3781	air pirate
3782	great flying ships
3783	molecular motion dri
3784	cooling suits
3785	Venusians
3786	learning machines
3787	glass domed planets
3788	dark star
3789	mass migration
3790	molecular motion
3791	photon metal
3792	lost in space
3793	one-man flying pack
3794	space patrol
3795	telepathically
3796	Venusian
3797	telepathic helmet
3798	dog people
3799	cosmic ray projector
3800	magnetic ray
3801	matter creator
3802	time distorter
3803	solidified cosmic ra
3804	solid proton screen
3805	super matter creator
3806	flying machine
3807	atomic energy
3808	total matter energy
3809	electronic propulsio
3810	curving space for fl
3811	cathode ray projecto
3812	prolonging youth
3813	inertialess flight
3814	Betelgeuse
3816	force beings
3817	meteor wreck
3818	Interplanetary Lane 
3819	proton beam
3820	Jovian colonist
3821	sentient machine
3822	ultimate machine
3823	green death ray
3824	pure force machine
3825	space police
3826	paralysis ray
3827	paralysis ray shield
3828	total atomic energy
3829	momentum wave propul
3830	meteor shields
3831	flying spy viewer
3832	far viewer
3833	force shield
3834	matter transmitter
3835	neutron beam
3836	material energy
3837	irresistible disinte
3838	gay-lesbian romance
3839	accelerated metaboli
3840	levitation device
3841	mechanical heart
3842	heart transplant
3843	hypnotic thought wav
3844	perpetual motion
3845	magnetic control bea
3846	spy ray
3847	telepathic ray
3848	mind controller
3849	atom worlds
3850	interplanetary viewe
3851	mad genius
3852	heat ray
3853	guide wave
3854	Ceres
3855	hypnosis machine
3856	invisible man
3857	flight disk
3858	time cube
3859	Martian peril
3860	invisible plane
3861	Mad Martian
3862	artificial life
3863	artificial rabbit
3864	hypnolearning
3865	gravity adjustment b
3866	interplanetary sword
3867	iron unitary city
3868	mechanical personali
3869	will control
3870	eugenic system
3871	war insects
3872	space seeds
3873	meteor life
3874	voyeurism
3875	rock solvent
3876	life ray
3877	canals
3878	individual flying sp
3879	Pluto
3880	gravity shield
3881	personal power wings
3882	pyramidal cities
3883	motorized roller ska
3884	glass money
3885	portable disintegrat
3886	paralyzing gun
3887	Saturnians
3888	telepathic mind cont
3889	drug use
3890	Mu
3891	elixir of life
3892	lost land
3893	telepathic receptor
3894	Mars exploration
3895	Mars colonization
3896	disintegrator cannon
3897	insect gigantism
3898	engine stopper
3899	ammunition exploder
3900	insect men
3901	cavern world
3902	thought helmet
3903	arctic agriculture
3904	neutronium
3905	cosmic dreamer
3906	alkali ray
3907	insect race
3908	pure proton cloud
3909	lightning projector
3910	rayograph
3911	ultra-cosmic ray pro
3912	gravity balancer
3913	antigravity repulsio
3914	krypton glow tube ra
3915	quadromomotor
3916	magnetic repulsion r
3917	Jupiterians
3918	Mercurians
3919	Neptunians
3920	sunspots
3921	glaciation
3922	domed city
3923	white dwarf
3924	bacterial universe
3925	personality transfer
3926	dimensional attack
3927	insect control
6176	H. P. Lovecraft
3929	wishing
3930	dimensional world
3931	flying platforms
3932	magnetic antigravity
3933	zed ray
3934	paralysis tube
3935	darkness bomb
3936	invisibility cloak
3937	time cage
3938	robot revolt
3939	broadcast power
3940	super robot
3941	freezing ray
3942	white slaving
3943	materialization bomb
3944	organic disintegrato
3945	materialization rays
3946	electromobiles
3947	mood enhancer
3948	first flight to Venu
3949	time jumps
3950	time stops
3951	planetary crystal sp
3952	intelligent ants
3953	time line
3954	Dragon-like space cr
3955	cosmic cloud
3956	mind transferring
3957	wireless power trans
3958	synthetic food
3959	sex change
3960	space flyer
3961	dark moon
3962	flying culture
3963	flying patrol
3964	apemen
3965	carnivororous plants
3966	telepathic hypnotics
3967	giant brain sacks
3968	Lunar natives
3969	space amoebas
3970	Moon people
3971	hypnotic spider
3972	crystal cities
3973	true humans
3974	Venusian humans
3975	rat men
3976	mechanical thought r
3977	armored air cruiser
3978	heat guns
3979	red molemen
3980	internal sun
3981	yellow molemen
3982	transparent shell ar
3983	homoids
3984	Jupiter humanoids
3985	superstrength pill
3986	tiger man
3987	future city
3988	sun society
3989	opening time capsule
3990	intelligent vampire 
3991	corpuscle world
3992	undersea crystal cit
3993	perpetual youth
3994	Jovian system
3995	free energy from wat
3996	disintegrates water
3997	solar sphere
3998	telepathic
3999	mental power
4000	mind electron
4001	re-integration
4002	chimeras
4003	invisible wing man
4004	replicators
4005	flying saucer
4006	floating man
4007	camouflage
4008	California submerged
4009	undersea nation
4010	fishmen
4011	hydrogen space drive
4012	zombie industries
4013	Jupiter
4014	tractor beam
4015	red spot of Jupiter
4016	gravity control
4017	disintegrator pistol
4018	oxygen concentrator
4019	heavy gravity belt
4020	matter concentrator
4021	living rock
4022	shrinking
4023	living thought
4024	mad scientist monste
4025	element transmutatio
4026	dimensional portal
4027	world government
4028	master of vibration
4029	mechanical thought p
4030	mad Russian
4031	thought transference
4032	Venerians
4033	flying globe
6175	Jack London
4035	artificial meteorite
4036	beast men
4037	living disks
4038	conscious petrificat
4039	pneumatic car
4040	Martian invasion
4041	shark men
4042	purple blob
4043	mind energy
4044	viewing ray
4045	thought protection
4046	pure thought being
4047	thought speech
4048	time travel paradox
4049	ancestral memory
4050	sky cities
4051	terraform Moon
4052	supercity
4053	suspended gravitatio
4054	gravity tripler
4055	planet ftl
4056	planet dimensional t
4057	creation theory
4058	space cloud
4059	bacteria world
4060	time molecules
4061	electric typewriter
4062	dictation printer/tr
4063	invisiblity
4064	fighting fury
4065	Moon woman
4066	machine man
4067	dimensional travel
4068	soldier of fortune
4069	Atlanteans
4070	giant green men
4071	super powers
4072	sub-voval hearing
4073	size machine
4074	automatic cities
4075	Martian
4076	longevity
4077	polyandric society
4078	thought records
4079	spacedrome
4080	antigravity clothing
4081	heart attack project
4082	death projector
4083	heat projector
4084	psychogram
4085	flying humanoid robo
4086	intelligent insects
4087	long distance mind r
4088	atomic fire
4089	thought projector
4090	Martian conquest
4091	atomic wildfire
4092	Moon caverns
4093	mechanical voice sim
4094	space people
4095	disintefrator ray
4096	psychic domination
4097	plant men
4098	Moon lost world
4099	space walk
4100	earth borer
4101	source of life
4102	cyboryg prothetics
4103	mechanical telepath
4104	Moon cavern race
4105	Earth invasion thwar
4106	Pluto colony
4107	blue-haze beings
4108	silicon plague
4109	undersea civilizatio
4110	crystal folk
4111	interplanetary ruins
4112	insect robot
4113	Earth evacuation
4114	antichemichal ray
4115	metal men
4116	insect evolution
4117	crystal ammonia life
4118	aerial adventure
4119	to Venus ark
4120	retribution
4121	humaniform automata
4122	chemichal suspended 
4123	worker hibernation
4124	hibernation draft
4125	sleep prisons
4126	abortion
4127	peace police weapon
4128	telephot
4129	revivication
4130	power rays
4131	atmosphere plants
4132	electrical overloadi
4133	Iapetus
4134	space raid
4135	hypnotic machine
4136	invisible asteroid
4137	submarine fight
4138	intelligent octopi
4139	octopus city
4140	digging rays
4141	space pirate
4142	Venerian princess
4143	specimen acquisition
4144	electron world
4145	Champ
4146	parthogenesis
4147	killer bees
4148	fish-men
4149	thought tubes
4150	chemichal disintegra
4151	meteriorite visitors
4152	long life elixir
4153	monoway
4154	sleep learning
4155	space lifeboat sruvi
4156	interplanetary polic
4157	armadillo men
4158	physical evolution
4159	Io
4160	artificial men
4161	Red Spot
4162	Jovians
4163	post-apocalypse
4164	fertilization coloni
4165	parthenogenesis
4166	comet people
4167	flying disk
4168	spider men
4169	bird men
4170	flying globes
4171	thought machine
4172	flying disks
4173	turtle men
4174	vacuum rays
4175	artificial gravity
4176	floating cities
4177	cosmic ray beams
4178	air cruiser
4180	Neptune
4181	other Moon
4182	frog men
4183	human cattle
4184	human evolution
4185	big brains
4186	space adventure
4187	machine city
4188	social pacivism
4189	discovering reality
4190	social truth & polit
4191	brain imprinting
4192	mental control of ma
4193	far viewing screen
4194	trans-Atlantic tunne
4195	pneumatic tunnels
4196	automatic farming
4197	automation future
4198	organ banks
4199	space rescue
4200	futurist development
4201	Moon colonization
4202	automated farm
4203	fermale sterilizatio
4204	meteorite ray shield
4205	thought wave project
4206	insect apocalypse
4207	world reborn
4208	living Mars
4209	evolutionary bacteri
4210	control will of othe
4211	slow potion
4212	fast potion
4213	mechanichal body par
4214	planet of the apes
4215	perception problems
4216	lost on Earth
4217	artificial birth
4218	flying ark
4219	Mars conquest
4220	time travelers
4221	time snag
4222	disintegration ray
4223	white master machine
4224	Lemuria
4225	biologic
4226	Moon Men
4227	Lunar archeology
4228	artificial body
4229	bio war
4230	closed circuit telev
4231	picture phones
4232	petrifying potion
4233	humanoid robot
4234	dimensional adventur
4235	mood pharmacology
4236	Soaring rocket
4237	Proxima Centauri
4238	cyrstals of health
4239	crystals of long lif
4240	medical examination
4241	second Moon
4242	controlled mutation
4243	manufacture supermen
4244	life source in meteo
4245	star death plague
4246	shock therapy
4247	christian dark fanta
4248	young-adult ghost ro
4249	world peace
4250	telepathic control i
4251	alien abduction
4252	eletrical shield
4253	Earth-Venus run
4254	space castaways
4255	mechanical men
4256	thought reading mach
4257	hermit kingdom
4258	underground city
4259	artificial sun
4260	eternal youth
4261	color television
4262	food tablets
4263	antigravity cap
4264	interstellar visitat
4265	world war
4266	religious
4267	soullessness
4268	ethicslessness
4269	transcendence
4270	germ world
4271	eugenics vigilante
4272	sword and ray
4273	plutocracy
4274	uncontrolled nuclear
4275	UFO
4276	pod people
4277	space seed
4278	metal cyborg
4279	thought shield
4280	past time viewer
4281	planet disintigratio
4282	machine adaptation
4283	invisible ship
4284	synthetic woman
4285	robotic replacement 
4286	life cylinder
4287	rocketmobile
4288	radio controls
4289	cave man
4290	Venus-Mars run
4291	mad scientist cyborg
4292	living head
4293	disintegrating scree
4294	atomic pistols
4295	bone dissolving ray
4296	torture ray
4297	science religion
4298	food pills
4299	speech print machine
4300	instant photography
4301	nullify gravity scre
4302	molecular disruptor
4303	motionless atom shie
4304	wire tapes
4305	wire cassettes
4306	speed reading
4307	diagnosistic sense t
4308	gravity capture devi
4309	live television
4310	disruptors
4311	first voyage to Mars
4312	universal entropy
4313	replication
4314	duplication
4315	hidden asteroid civi
4316	inner world dimensio
4317	archeologic museum
4318	animal labor
4319	Chunnel
4320	Gulliver-like
4321	thyroid experimentat
4322	alien visitation
4323	lost civilization
4324	ambulatory whales
4325	superfast ground tra
4326	minature humanoids
4327	hidden alien colony
4328	dirigible planetoid
4329	Earth colonization
4330	cosmic ray power
4331	American Indian rese
4332	past viewer
4333	television teaching
4334	Moon removal
4335	android body parts
4336	time sled
4337	yellow brick road
4338	living machines
4339	dimensional rotation
4340	invisible monster
4341	earthquake apocalyps
4342	undead soldiery
4343	serum turns blacks w
4344	chemichal turns whit
4345	giant wasp
4346	reversing sexism
4347	electrobiology
4348	NYC secret police
4349	electrical withdrawa
4350	reading project
4351	perils of mechanism
4352	destruction of elect
4353	birth permits
4354	compulsory steriliza
4355	synthetic children
4356	forbidden books
4357	specialized human br
6174	Clones
4359	robot caretakers
4360	robotic football
4361	class warfare
4362	radio controlled dro
4363	artificial physical 
4364	collective intellige
4365	insect domination
4366	subterranean conquer
4367	Venus colonization
4368	planimal
4369	lunar radiation
4370	moon gazing
4371	boomerang physics
4372	rent control adjustm
4373	sleep conquest
4374	brain tissue transpl
4375	cryogenic operations
4376	commercial retributi
4377	animal controlled me
4378	Hamlinesque redempti
4379	cancer cure
4380	civilization apocaly
4381	mechanical teacher
4382	social grading
4383	autism
4384	procreation
4385	battery power
4386	rural farm life
4387	dimensional gateway
4388	antigravity broadcas
4389	brain controlled fig
4390	Martian immigration
4391	World State Secret P
4392	brain control implan
4393	class society
4394	Tycho Dome
4395	thought transmission
4396	underground rebellio
4397	water generator
4398	Jupiter space dome
4399	dimensional transfor
4400	sub-atomic explorati
4401	scientific forensics
4402	triangle mystery
4403	s-f parody
4404	time viewing
4405	time house
4406	invisible house
4407	atomic disintegrator
4408	giant amoeba
4409	archeologic discover
4410	hydra
4411	jungle adventure
4412	inner world confront
4413	melting rod
4414	sword and ray gun
4415	mechanichal telepath
4416	afterdeath communica
4417	detector ray
4418	stratospheric world
4419	thought command helm
4420	healing rays
4421	archeologic expediti
4423	scientific disaster
4424	Earth rebirth
4425	transcendance
4426	bad blood
4427	mining
4428	energy life
4429	space wreckers
4430	magnetic energy stat
4431	alien exploratory sh
4432	Solar attraction
4433	heat death ray
4434	giant termite
4435	mimic human
4436	green ray
4437	mental transference
4438	Interplanetary secre
4439	Gnolls
4440	Saturn colinzation
4441	Uranus
4442	neutron blast
4443	Mars-Io run
4444	spaceship meteor dam
4445	gay-lesbian
4446	fairies
4447	paranoia
4448	extra Moon objects
4449	Earth aircraft junky
4450	Lunar archeologic di
4451	ethereal teleportati
4452	future prediction an
4453	immortality apocalyp
4454	ecologic disaster
4455	drug addiction
4456	dimensional transpor
4457	dimensional viewer
4458	land dreadnought
4459	focused magnetics
4460	force field
4461	sword heat ray
4462	flying shields
4463	alternate worlds
4464	disintegration field
4465	language analyzer
4466	plant based spacecra
4467	matter duplicator
4468	dimensional doorway
4469	paralyzing radiation
4470	planetoid attraction
4471	giant mosquitoes
4472	vampiric
4473	telescopic fatalism
4474	iron plague
4475	spirit walking
4476	televisor phones
4477	supertelescopes
4478	artificial lightning
4479	past sound reciever
4480	hydrogen power
6173	ninjas
6172	biotechnology
4484	elixir of rejuvenati
4485	super insects
4486	contact telepathy
4487	insect domicile
4488	insect dominion
4489	barnacle civilizatio
4490	demon thoughts
4491	brain implanted whee
4492	human automatons
4493	Venus colonists
4494	devastated Earth
4495	Sol decline
4496	floating city
4497	floating air cities
4498	polluted Earth
4499	anomalous orbiting p
4500	minature civilizatio
4501	Mercury exploration
4502	Jupiter mining
4503	alien exploration
4504	reintegrator
4505	individual flying wi
4506	thought control
4507	matriarchy
4509	cloak of invisibilit
4510	food pellets
4511	disassembling ray
4512	mechanical mind cont
4513	perfect suspended an
4514	sleep bombs
4515	ice nebula
4516	language translator
4517	water pills
4518	meteor gas attack
4519	communication viewer
4520	cometeers
4521	flying torpedoes
4522	televised terror
4523	memory removal ray
4524	motor stopping ray
4525	metal transmutation
4526	peace vigilante
4527	animator ray
4528	antigravity time tra
4529	magnetic power levit
4530	universal far viewer
4531	hidden race
4532	gravity sphere
4533	dreaming world
4534	tactical atom bomb
4535	atomic reconstructor
4536	atomic converters
4537	Mars colonized
4538	exogenesis
4539	human rejuvenation
4540	Venus colonized
4541	atomic synthesis
4542	planet ships
4543	machine culture
4544	underworld adventure
4545	thought communicatio
4546	Atlantis remnant
4547	telepathy from futur
4548	congruent dimension
4549	wired humans
4550	artificial reproduct
4551	time invaders
4552	thinking machines
4553	Invasion from Moon
4554	archeological treasu
4555	countering invasion 
4556	Jovian Invaders
4557	death tube
4558	moving Moon
4559	Venus exploration
4560	volcano energy
4561	natural history
4562	lost inner land
4563	Lost Tribes
4564	steam guns
4565	vibration effects
4566	lunar telescope
4567	disappearances
4568	cold projector
4569	lunacy
4570	essence of mentation
4571	sea monsters
4572	super range gun
4573	red ray
4574	mutation
4575	super explosive
4576	collapsed matter
4577	far speaker
4578	mole men
4579	hypnotic power
4580	mechanical truth det
4581	shifting Earth axis
4582	vegetable people
4583	biologic engineering
4584	mechanical predestin
4585	water world
4586	infrared projectors
4587	invisiblility
4588	Beetle Men
4589	giant arachnids
4590	fighting suits
4591	broadcast wireless p
4592	biblical
4593	dark fantasy romance
4594	prediction
4595	predestination
4596	first Mars voyage
4597	thought ray
4598	insect Lunarians
4599	parallel interpenetr
4600	silicon colonization
4601	invasion from Mercur
4602	water of life
4603	prospecting
4604	atomic explosion
4605	mental control
4606	silicon life
4607	monster incubus
4608	Lunar Patrol
4609	alien sighting
4610	artificial heart
4611	time helmet
4612	thought reader
4613	social impact of tec
4614	war machines
4615	cat humor
4616	alien trade
4617	superplane
4618	air war
4619	cloud creator
4620	cloud dissipator
4621	alien bombardment
4622	flying soldiery
4623	puppet masters
4624	mermaid
4625	asteroid engineering
4626	underground survival
4627	near collision
4628	meteor collision
4629	Ioans
4630	ship space disasters
4631	reform vigilante
4632	transparent steel
4633	radium ray pistol
4634	disintegrator gas
4635	advanced grafting
4636	viewing devices
4637	heat ray pistol
4638	gorilla men
4639	repellor beams
4640	flying spy eye
4641	time car
4642	microscopic world
6477	trolls
6171	John Sladek
4645	Moon exploration
4646	amoebic
4647	baseball humor
4648	artificial woman
4649	anitgravity
4650	antigravity suits
4651	computerized housing
4652	live news glasses
4653	event viewer
4654	solar incenerator
4655	enlarging
4656	partial brain transp
4657	Alien collectors
4658	Titan
4659	Space Marine
4660	vivisection
4661	rescue adventure
4662	in other body experi
4663	ant story
4664	Space Marines
4665	invisible spaceship
4666	needle guns
4667	magnetism amok
4668	stratospheric life
4669	sonic control
4670	invisible time trave
4671	super radio
4672	dead automaton
4673	minaturized environm
4674	evil brain cells
4675	cosmic ray super int
4676	antigravity helmets
4677	moleular decomposers
4678	Earth apocalypse
4679	Triton
4680	viewer blocker
4681	Ganymede-Earth run
4682	atomic disintigratio
4683	thought police
4684	decomposition ray
4685	atomic world
4686	living metal humans
4687	blue humans
4688	sonic death beam
6170	devils
4690	wave from dimensiona
4691	pain ray
4692	space derelict
4693	sleep gas
4694	full sustenance pill
4695	isotope metal
4696	four dimensional sur
4697	four dimensional too
4698	stun ray
4699	invisibility counter
4700	underworld civilizat
4701	inner earth viewer
4702	convict escape
4703	alien artifacts
4704	air adventure
4705	mineral extraction
4706	inner earth sun
4707	alien ransom
4708	creating life
4709	undersea cavern
4710	underground world
4711	synthetic gold
4712	hive control society
4713	dimensional surgery
4714	flying city
4715	heatricity
4716	invisible
4717	antigravity field
4718	undersea pyramids
4719	smuggling adventure
4720	Space eggs
4721	rogue banditry
4722	submarine expresses
4723	Lunarian history
4724	giant spider
4725	monster mutation
4726	inner world
4727	giant beetles
4728	Neanderthal
4729	Eros
4730	artificial hurricane
4731	chemichal invisibili
4732	blackness bombs
4733	Earth giants
4734	convict revolt
4735	dimensional communic
4736	feminist
4737	nongravity shafts
4738	gay
4739	memory transfer
4740	antigravity spaceshi
4741	Venus colony
4742	Mercurian conquest
4743	atomic generator
4744	space energy beings
4745	time tourists
4746	Rocket Patrol
4747	temporary immortalit
4748	true immortality
4749	politician results p
4750	volcano control
4751	Solar power
4752	zone of force
4753	cosmic creativity
4754	bottle water
4755	skyscraper engineeri
4756	mathematical reality
4757	invisible air ship
4758	gas nebula
4759	war commentary
4760	integrating good vs 
4761	interstellar explora
4762	mutiny
4763	continent building
4764	Venusian attack
4765	Martian hegemony
4766	paralysis gun
4767	alien possession
4768	time portal
4769	Earhtmen Neptune col
4770	thought screen
4771	reverse universe
4772	glaicial age
4773	Lunar expedition
4774	defensive rays
4775	force rays
4776	alien invasion fleet
4777	space warp
4778	stratospheric advent
4779	combustion ray
4780	magnetic attraction
4781	Sirius expedition
4782	Sirians
4783	humanoid mechanical 
4784	Lunar life
4785	hidden Earth moons
4786	mechanical telepathy
4787	gravity nullificatio
4789	colonization voyage
4790	emotional amplifier
4791	Earth history
4792	Lunar monsters
4793	watery nebula
4794	ark
4795	gigantism serum
4796	telecops
4797	rocket satellite
4798	near planetary colli
4799	space ark
4800	space expedition
4801	solar lighting
4802	asteroid-Earth colli
4803	space warfare
4804	baldness cure
4805	walking on water
4806	comet near miss
4807	subatomic energy
4808	Earths speed of rota
4809	flying wings
4810	time flying machine
4811	thought power
4812	Mercury mining
4813	Selenites
4814	asteroid mining
4816	meteor hit on ship
4817	ancestral time trave
4818	hypnosis ray
4819	undersea adventure
4820	atomic reductor
4821	smuggling
4822	man-made earthquakes
4823	planetary adventure
4824	paralysis rod
4825	time contemplation
4826	archeologic adventur
4827	robot fighting machi
4828	space wreck
4829	software development
4830	norse mythology
4831	future pharmacology
6169	hermaphrodite
4833	interplanetary voyag
4834	gravity ray
4835	Jovian humans
4836	mutated humans
4837	paralysis rays
4838	spy viewer
4839	mind transfer
4840	dishwashing ray
4841	Demiurge
4842	madness ray
4843	sound suppressor
4844	gravity neutralizer
4845	translating machine
4846	planetary disintegra
4847	interstellar communi
4848	atomic rays
4849	machine men
4850	gene transplants
4851	fuel
4852	war consequences
4853	relative time
4854	aerial cities
4855	repulsion rays
4856	interplanetary helio
4857	glacial age
4859	Venusian conquest
4860	pain rays
4861	gas cloud
4862	beam power
4863	enlarging ray
4864	gangster adventure
4865	Interplanetary Flyin
4866	Interstellar Flying 
4867	hidden Mercurian pla
4868	moving planet
4869	solar cooling
4870	underground caverns
4871	crime thriller
4872	paralyzing disks
4873	levitators
4874	needle rays
4875	gravitorser
4876	detonator
4877	Martian colonists
4878	interstellar voyage
4879	thought translator
4880	alien explorer
4881	rocket cars
4882	Lunar adventure
4883	Creative Commons
4884	genetic breeding
4885	artificial cyclone
4886	ninth Solar planet
4887	small sun
4888	fairy dimension
4889	electricity projecto
4890	force fields
4891	shrinking adventure
4892	Jovian Patrol
4893	Solar history
4894	Solar effects
4895	spaceship wreckers
4896	denobled
4897	brain revivication
4898	electric motivation
4899	climate control
4900	alien colonization
4901	mating bureau
4902	paralyzer
4903	universal end
4904	canned electricity
4905	Earth-Moon space tub
4906	blob monster
4907	crystal life
4908	evolutionary advance
4909	electric stun guns
4910	voice operated equip
4911	cold ray
4912	ether propellers
4913	Earth conquest
4914	underground tunnels
4915	Venusian conquerors
4916	desalinization
4917	artificial diamonds
4918	scientific gigantism
4919	solar motor
4920	rejuvenation
4921	alien union
4922	megaplex
4923	liquid food
4924	Moon dome cities
4925	Moon artifacts
4926	2009 Hugo Award Nomi
4927	space voyage
4928	Antarctic adventure
4929	super battery
4930	liquid electricity
4931	interplanetary trade
4932	Interstellar Patrol
4933	meteor repeller
4934	giant ants
4935	robot control
4936	antigravity space su
4937	disintegrator hand g
4938	new extra-Solar plan
4939	thought recorders
4940	gravity regulating s
4941	eternal age serum
4942	unkillable serum
4943	force tentacles
4944	giant carnivorous Am
4945	age retrogression
4946	circumnavigational t
4947	minature world
4948	meteror attacks
4949	El Nino effect
4950	monsters
4951	dual personality
4952	repulsion vortex
4953	Mary Celeste
4954	satellites
4955	far viewers
4956	artificial food
4957	Moon apocalypse
4958	exodus
4959	video phone
4960	dream world
4961	energy ray
4962	invisible world
4963	thought recorder
4964	thought broadcaster
4965	viewing screens
4966	hypnosis globe
4967	psychic brain surger
4968	electron drive
4969	hidden city
4970	atomic destruction
4971	subatomic worlds
4972	ultrasonic projector
4973	monster ray
4974	inertia control
4975	yellow ray
4976	electrical life forc
4977	thought tapes
4978	gravity increase pro
4979	violet ray
4980	planetary rotation
4981	Europa
4982	thought message
4983	space amoeboid
4984	Europans
4985	viewing machines
4986	Ganymedans
4987	anticohesion rays
4988	vibration death
4989	invisible robots
4990	interplanetary war
4991	gravity energy
4992	Moon seeds
4993	atomic disintegratio
4994	prison colony
4995	space tube
4996	telepathy helmet
4997	radio control
4998	withering ray
4999	robot surgeon
5000	thinking machine
5001	force zone
5002	fusion power
5003	interplanetary porta
5005	alien apocalypse sur
5006	brain parasites
5007	amoeboid space monst
5008	antigravity screens
5009	space transport
5010	far vision
5011	past vision
5012	interstellar confere
5013	mindless replicant
5014	fungi plagues
5015	mad experiment
5016	mental control of gr
5017	sleep hypnosis learn
5018	fossil eggs
5019	2009 Nebula Award No
6168	African mythology
5021	Interplanetary Guard
5022	force ray
5023	Murians
5024	time slip
5025	metal life
5026	traction beam
5027	repulsion beam
5028	2009 Nebula Award Wi
5029	adam and ever
5030	macrocosm worlds
5031	universal mind
5032	dimensional overlap
5033	painless permanent
5034	homo multiplus
5035	universal creation
5036	meteor travelers
5037	submicroscopic entit
5038	dustless
5039	near immortality
5040	perfect health
5041	antigravity dust
5042	archaelogic treasure
5043	undersea caverns
5044	insects
5045	time possibility 
5046	ideal futures
5047	others visualization
5048	Uranus exploration
5049	deception
5050	Rigelian invasion
5051	Alpha Centauri invas
5052	propulsion rays
5053	unknown outer Solar 
5054	alien parasitism
5055	humaniform animals
5056	body switch
5057	Solar apocalypse
5058	caverns
5059	Earth exodus
5060	New Earth
5061	size journey
5062	adventure loop
5063	eternal life
5064	chemichal generation
5065	breeding protoplasm
5066	comet collision
5067	subliminal control
5068	Pluto exploration
5069	near Stellar collisi
5070	orbital sphere habit
5071	x-ray murder
5072	walking machines
5073	synthetic diamond
5074	lost undersea world
5075	will control device
5076	Moon Patrol
5077	cometary properties
5078	time apparatus
5079	interstellar transmi
5080	Moon adventure
5081	walking adventures
5082	space travel
5083	machine being
5084	size rays
5085	stranded in space
5086	space city
5087	matter creation
5088	Martian satellite
5089	mind time travel
5090	dragon eggs
5091	artificial cavern wo
5092	invisible sword
5093	minature sun weapon
5094	proton guns
5095	macrocosmic expansio
5096	Sun people
5097	inorganic disintegra
5098	peta progenitor
5099	interplanetary trave
5100	space distortion dri
5101	magnetic force gravi
5102	marooning in space s
5103	matter destruction
5104	mind invasion
5105	Seal men
5106	Solar mirage
5108	neutron ray disinteg
5109	undersea habitat
5110	interplanetary diplo
5111	interplanetary adven
5112	mer-people
5113	x-ray vision
5114	underground shelter
5115	treasure pit
5116	Triplanetary Patrol
5117	invisible monsters
5118	supersonic guns
5119	duplications
5120	matter transmutation
5121	underworld cavern
5122	inner earth
5123	intelligent virus
5124	space outlaw
5125	dimension shifting d
5126	Deimos
5127	cavern retreat
5128	time wheel
5129	antigravity fins
5130	supergravity fins
5131	Christmas
5132	Entropy
5133	Basketball
6167	Orpheus myth
6164	Arthurian influences
6165	wuxia
6166	juvenile mystery
5137	psychic ability
6163	Breton folklore
5139	post-apocalyptic
5140	synthetic men
5141	energy being
5142	mutated apes
5143	after apocalypse
5144	alien intervention
5145	mutants
5146	Earth return
5147	Venus other humans
5148	post apocalypse Eart
5149	interplanetary revol
5150	dimensional creature
5151	alien space explorer
5152	counter Earth
5153	global warming
5154	carbon dioxide incre
5155	super computer
5156	space exploration
5157	post-holocaust
5159	Jovian Moons
5160	detective adventure
5161	secret alien conques
6162	a.e. coppard
5163	crime adventure
5164	alien attack
5165	dimensinal rift
5166	polymorphallactic
5167	Invisibles
5168	interstellar gestalt
5169	mutant rebellion
5170	anti-mechanist
5171	teleporter
5172	Spica
5173	planet killing
5174	mental compulsion
5175	intelligent energy
5176	Moon agriculture
5177	Poetry
5178	Earth Space Force
5179	Phoebe
5180	Themis
5181	nova-like weapon
5182	planet survey
5183	Algol
5184	parasites
5185	methane world
5186	time probe
5187	space catastrophe
5188	castaway
5189	new planet
5190	electronic surgery
5191	laser technology
5192	alien miners
5193	fying saucer
5194	abduction
5195	brain transfer
5196	alien treasure trove
5197	Red Martians
5198	technothriller
5199	world war ii
5200	cryogenics
5201	mental wizard
5202	Martian visitor
5203	detective mystery
5204	Venusian spider
5205	future detective mys
5206	Jurassic fissure
5207	scientific regime
5208	lengthening life
5209	synthetic worlds
5210	interpenetrating mat
5211	magnetic field loss
5212	penal colony
5213	interplanetary outla
5214	poisonous cloud
5215	interstellar adventu
5216	water into gold
5217	surviving life
5218	synthetic world
5219	Solar system catastr
5220	giant meteorite
5221	miracles
5222	fiery holocaust
5223	dust elimination
5224	eclipse photography
5225	Lunar civilization
5226	hidden planet
5227	gravity bomb
5228	Mars trip
5229	lone survivor
5230	Pluto expedition
5231	super science
5232	invasion from microc
5233	armaments baron
5234	interplanetary relat
5235	exact duplicate Eart
5236	world disarmament
5237	teleport duplication
5238	super scientist
5239	human re-creation
5240	cellular biology
5241	human with endless r
5242	134
5243	53
5244	36
5245	15
5246	6
5247	Nibiru
5248	12th planet
5249	2012
5250	cosmic rays
5251	Andromedans
5252	test tube race
5253	human duplicate
5254	Moon disintegration
5255	copper globe
5256	banished from Earth
5257	frozen time
5258	insect experiment
5259	near star collision
5260	minature sun
5261	fourth dimension inv
5262	spacecraft destructi
5263	non-time
5264	artificial world
5265	dawn of creation
5266	metaphysics
5267	mental time travel
5268	cold light
5269	twin synthesis
5270	Seeing personal futu
5271	jungle man
5272	teen depression
5273	teen suicide
5274	nightmares
5275	teen grief
5276	teens and death
5277	half human half vamp
5278	horror and gore
5279	angie l reed
5280	hybrid by angie l re
5281	team julian 
5282	team max
5283	plaque
5284	mutant supermen
5285	mutant undermen
5286	atomic war apocalyps
5287	alien plague
5288	Venus conquest
5289	Jupiter expediton
5290	interstellar aliens
5291	invasion of Venus
5292	Mercurian colonizati
5293	FTL spacecraft
5294	flight from conquest
5295	soccer
5296	quantum mechanics
5297	conquered Earth
5298	cosmic ray disintegr
5299	returning voyagers
5300	Moon devastated
5302	Young-adult post apo
5303	ghost stories
5304	lesbian vampire
5305	intersteallar war
5306	Terran Empire
5307	star king
5308	interstellar invasio
5309	intergalactic voyage
5310	future time travell
5311	galactic drive
5312	Sirius colonization
5313	alien sabotage
5314	invisible barrier
5315	Earth-Mars War
5316	invasion from Procyo
5317	intersteallar invasi
5318	interstellar heritag
5319	characteristics oppo
5320	social commentary
5321	space plant
6161	the hurly burly
5323	generation ship
5324	agoraphobia
5325	sentient computer
5326	red tape
5327	Vegans
5328	space commerce
5329	doomed planet
5330	runaway planet
5331	alien race
5332	colonization habited
5333	abandonment allied r
5334	sun goes dark
5335	first Mercury voyage
5336	asteroid race
5337	Moon invaded
5338	Beyond Pluto expedit
5339	view past/future
5340	genetic manipulation
5341	race minds
5342	mechanical batwings
5343	energy beams
5344	underwater race
5345	dimensional tunnel
5346	puppet horror
5347	dimensional fantasy
5348	resource depleted Ea
5349	time distortion drug
5350	ray guns
5352	past/future viewer
5353	Interplanetary Feder
5354	Land of Eternal Dark
5355	total war conditions
5356	alien intelligence
5357	one way colonization
5358	wandering planet
5359	unknown space ship
5360	synthetic supermen
5361	micro-dissection
5362	chromosomic manipula
5363	microscopic super-in
5364	young-adult arthuria
5365	living entity creati
5366	synthetic biological
5367	time window
5368	space piracy
5369	Spacial Police Patro
5370	new space drive
5371	space race
5372	comic fantasy
5373	alien time colonizat
5374	duplicating ray
5375	intra-galactic space
5376	instantaneous commun
5377	perfect race breedin
5378	mass remote control
5379	all-male race
5380	frontier world
5381	time barrier
5382	terraformed asteroid
5383	gigantic automaton
5384	time/space gap
5385	interdimensional adv
5386	half-brain/half-robo
5387	Mankinds destiny
5388	Earth regimentation
5389	freedom
5390	security corps
5391	planetoid
5392	costumer
5393	first rocket
5394	space platform
5395	alien spaceship
5396	giant robot
5397	spatial warp
5398	second race
5399	alien FTL ship
5400	female dominated wor
5401	atomic plant
5402	Human-Plutonian hybr
5403	underground adventur
5404	giant submarine
5405	interstellar planeto
5406	organic cyborg parts
5407	space mystery
5409	Japanese novel
5410	German novel
5411	genetics
5412	twins
5413	molecular genetics
5414	genetic determinism
5415	human genetics
6160	Ursula K. Le Guin
5417	press investigation
5418	recoil gun
5419	Hybrid
5420	male main character
5421	Iceland
5422	lesbians
5423	transgendered
5424	superheroes
5425	god
5426	Golem
5427	Shakespearean 
5428	Play
5429	psychic powers
5430	BDSM
5431	alternate realities
5432	metaphysical fiction
5433	tanks
5434	devil
5435	orangutan
6159	fairy tale inspirati
5437	Sci-fi Horror Advent
5438	climate change
5439	Buddhism
5440	ecotopia
5441	ecosabotage
5442	Titania
5443	music
5444	jazz
5445	musicians
5446	economics
5447	historiography
5448	chaos theory
5449	shamanism
5451	planes of existence
5452	domestic abuse
5453	plague
5454	island
5455	jade
5456	rameses
5457	scimitar
5458	legend
5459	imagination
5460	enchantress
5461	twist in the tale
5462	ocean
5463	unicorn
5464	epic
5465	world parliament
5466	metaphor
5467	illusion
5468	palace
5469	pooka
5470	mafia
5471	trains
5472	MMORPG
5473	computer games
5474	hackers
5476	Bioscience
5477	New inventions
5478	alternative history
5479	snow storm
5480	jane austen pastiche
5481	star trek
5482	Regency England
5484	vietnam
5485	juvenile ghost story
5486	Project Gutenberg
5487	UFOs
5488	flood
5489	italy
5490	christianity
5491	jesus
5492	teenagers
5493	faith
5494	novella
6156	teen speculative
5497	Washington, DC
5498	poverty
5499	hiking
5500	brain damage
5501	neural regeneration
5502	softball
5503	militaryindustrial 
5504	neutron bomb
5505	homesteading
5506	drama
5507	Jacobean
5508	memory implant
5509	blindness
5510	living dead
5511	contagion
5512	drugs
5513	surreal
5514	experimental
5515	tentacles
5516	Spanish Armada
5517	pacifism
5518	atomic bomb
5519	metafiction
5520	lunar base
5521	film
5522	elections
6295	earthquakes
5524	archive.org
5525	understated
5526	fantasy novels
5527	christian dystopia
5528	weird west
5529	jewish mysticism
5530	astral
5531	Lovecraft
5532	Lilith
5533	Succubi
5534	Philip K. Dick
5535	cryonics
5536	native americans
5537	hallucination
5538	Tales of Tomorrow
5539	X Minus One
5540	Exploring Tomorrow
5541	SF 68
6154	juvenile scary
5543	BBC Radio
5544	Out There (TV)
5545	Escape (Radio)
5546	Beyond This World (R
5547	ABC Workshop
5548	Beyond Tomorrow
5549	Radio City Playhouse
5550	CBC Playhouse
5551	CBC Radio Workshop
5552	Twilight Zone
5553	WBAI-FM
5554	WPA Playhouse
5555	World Security Works
5556	Radio City Playthous
5557	Family Theatre
5558	Favorite Story (Radi
5559	CBS Radio Workshop
5560	child abuse
5561	Juvenile time-travel
5562	Leonardo da Vinci
5563	humorous sf
5564	light novel
5565	Quiet War
5566	cryptozoology
5567	boarding school
5568	Kurd Laßwitz Award: 
5570	life after death
5571	descent to barbarism
5572	pandemic
5573	Robin Hood
5574	civil war
5575	racism
5576	military sr
5577	economic warfare
5578	Prometheus Award win
5579	liberty
5580	science
6220	alchemy
5582	lesbian fantasy
5583	metaphysic
5584	genie
5585	space
5586	Demetrius Adrien
5587	Monty
5588	Hillery
5589	Taekwon-Do
5590	tall tales
5591	Apocalyptic Horror
5592	apocalypse
5593	epidemic
5594	radio play
5595	holocaust
5596	honor
5597	redemption
5598	service
5599	betrayal
5600	trust
5601	time travel romance
6153	juvenile speculative
5603	hero discovers somet
5604	bacteria
5605	NASA
5606	martian life
5607	scientists
5608	magical healing
5609	foresight
5610	hugo award for best 
6567	multiple selfs
5612	read
5613	nebula award for bes
5614	weird
5615	fantastic adventure
5618	cold
5619	bsfa award for best 
5620	unknown worlds
5621	philip k dick award 
6152	Australian history
6149	teen adventure
5625	serial killer
6150	Australian Aborigina
5627	human sculpture
5628	andre norton award f
5630	oriental
5631	angry robot
5632	bram stoker award fo
6151	Bob Shaw
5634	movie novelization
6146	black holes
5637	arthur c clarke awar
5638	alps
5639	switzerland
5640	autobiographical
5643	international horror
5646	world fantasy award 
5647	2-award-winner
5648	1-award-winner
5649	4-award-winner
5650	3-award-winner
5651	5-award-winner
5652	locus award for best
6268	war with machines
5654	luna
5655	john w campbell awar
5656	magician
5657	computer
5658	prometheus award for
5659	dog
5660	to read 2011
5661	to read 2010
5662	to read 2004
5663	to read 1995
6741	punch-line
6537	dark dantasy
5666	to read 2009
5667	to read 2007
5668	to read 2006
5669	to read 2005
5670	to read 1987
6740	Nigeria
6142	gender change
5673	to read 2008
6729	young adult historic
5675	to read 2003
5676	to read 1988
5677	to read 2002
6728	agt
5679	to read 1992
5680	to read 1991
5681	to read 1996
6732	drak fantasy
5684	to read 1999
5685	to read 1994
5686	to read 1998
5688	to read 1993
5690	to read 1986
5691	to read 1990
6739	Arno Schmidt
7016	global computer netw
6726	robert a. heinlein r
6540	space Robinson
6535	new age
6141	psychics
6738	necrophilia
6541	science fiction roma
6536	Isaac Asimov
6742	consumer's hell
5709	to read 1989
5710	to read 1979
6734	Gulliver
6735	simulacra
6736	concentration camp
6737	young adult paranorm
6559	juvenile historical 
6733	elementals
6140	teen scary
6561	juvenile supernatura
6557	fractured fairy tale
5728	book review
5729	history
5730	yeti
5731	tibet
5732	Seiun Award for best
5734	solar system
5735	Renaissance
5736	other dimensions
6139	high fantasy
5738	viking
5739	sports car
5740	fiction
5741	future
5742	ancient egypt
5743	cricket
5744	microcosmos
5745	young-adult ghost
5746	visitor from another
5748	shirley jackson awar
5750	earth is menaced
5751	Alex Award winner
6565	ghost ship
5753	prison
5754	usurped throne
5755	Jungian
5756	mirror
5757	nameless protagonist
6544	original anthology
6556	historical Japan
6716	Nancy C. Swoboda
5766	center of the earth
5768	Experimental languag
6138	juvenile paranormal
5770	Linguistic experimen
5771	last man
5772	arthurian novel
5773	visitor from the pas
5774	scientific detective
5775	mind reading
5776	golems
5777	last days
5778	undersea city
5779	nuclear war
5780	wolves
5781	werewolf anthology
5782	classic werewolf ant
5783	horror anthology
5788	sirens
5789	deals with the devil
5790	planetary sentience
5791	entanglement
5792	Sherlock Holmes
5793	Life Support System 
5795	slipstream
5796	ARC
6538	prophecies
6539	lions
5803	LDS fiction
5804	bfs fantasy award fo
6137	eastern philosophy
5806	autobiography
5807	on french sf
5808	Franz Kafka
5809	ireland
5812	on german sf
5813	Point Series
5814	Cresperian Saga
5815	prehistoric fantasy
5817	Los Angeles
5818	basis for forthcomin
5819	bones
5820	truth city
5821	truth machine
5822	brainwaves
5823	energy war
5824	controlled evolution
5825	consortium
5826	neuronet
5827	dark night
6136	teen horror
5829	truth gene
5830	closed system
5831	alternate future
5832	intelligence suppres
5834	egypt
5836	Magic Realism
6135	Irish Mythology
5838	humorous sci fi
6134	bionics
5840	lgbt interest
6133	sea adventure
5842	Anatomy of Wonder 1 
5843	Boxing
5844	second sight
5845	love potions
5846	psychological thrill
5847	sci-fi
5848	mummies
5849	isolation
6131	shape shifting
5851	Bangsian Fantasy
5852	communication
5853	negotiation
5854	mediation
5855	xenophobia
5856	human colony
5857	experiment
5858	indie author
5859	were-seals
5860	social sf
5861	Psychological study
5862	literary
5863	present time
5864	gargoyles
5865	teen fantasy
5866	book reviews
5867	short stories
5868	Young main character
5869	Comming-of-age
5870	Space trading
5871	supernatural thrille
5873	contemporary fantasy
5874	juvenile ghost
5875	librarians
5876	witchcraft 
5877	Deal with the devil
5878	fairy Story
5879	Doppleganger
5880	Centaur
5881	Arthurian legend
5882	dying earth
5883	Japan
5884	Hong Kong
5887	selkies
5889	quirky classics
5890	past lives
5891	future history
5893	best of year antholo
5894	Ojibwa
5895	mind powers
5896	Saga of Pliocene Exi
5897	Duat Galaxy
5898	Tanu
5899	Firvulag
5900	Many-colored Land
5901	Shipspouse
5902	Brede and her Ship
5903	sentient Ships
5904	d-jumping
5905	Tanu/Firvulag exile 
5906	warrior religion
5907	Ships Grave
5908	The Sword of Sharn
5909	The Spear of Lugonn
5910	the Nordlinger Ries 
5911	read in 2012
5912	lesbian romance
5913	libertarian sf
5914	dilatation
5915	A World Out of Time
5916	The Sparrow
5917	james tiptree jr awa
6130	necromancers
5919	non genre
5920	Edwardian
5921	New York City
5922	hope
5923	satire. thriller, hu
5924	action adventure
5925	on titles put on the
5926	pop-up book
5927	convention books
5928	teen supernatural
6129	p
6555	teen paranormal
6128	sf picture book
5934	read 1960s
5935	to read 1960s
5936	Faerie
5937	mythical creatures
6550	Young Artists
5941	teen science fiction
6127	Aubrey Beardsley
6549	alien occupation
6548	Hugo Gernsback
6547	teen mystery
6546	bioengineering
6564	miniaturization
5949	portraits
5950	Roswell
5951	intellectual thrille
5952	read horror
6126	Yellow Book
5954	visionary fiction
5955	healing journey
6125	teen
5958	anime
5959	honorable mention do
5960	Earth destroyed
5961	Clairvoyance
5962	Scientific Discovery
5963	Frozen Earth
5964	Theology
6545	cozy mystery
5967	read science fiction
5968	Planet X
5969	marines
5970	White House
5971	The Pentagon
6124	Moebius
5973	Secretary of Defense
5974	St. Louis, MO
5975	mechanized warfare
5976	President of the Uni
5977	technological advanc
5978	Top Secret
5979	3040 AD
5980	chapbook
5982	teen urban fantasy
5983	Stephen King
5984	verse
5985	weird verse
5986	weird poetry
5987	horror poetry
5988	fantastic poetry
5989	Ligotti tribute
5990	giant monsters
5991	magick
5992	horror fiction
5993	reviews
5994	Jack the Ripper them
5995	Australian horror fi
5996	horror anthologies
5997	Clark Ashton Smith
5998	horror literature
5999	horror criticism
6000	Lovecraftiana
6001	Arthur Machen
6002	graphic novels
6003	interviews
6004	Clive Barker
6005	Frank Belknap Long
6006	Lovecraft Circle
6007	Jack the Ripper
6008	checklists
6009	bibliographies
6010	true crime
6011	cinema
6012	essays
6013	introductions
6014	Australian horror
6123	doppelgänger
6017	alternate cosmology
6018	linguistics
6019	physics
6122	George Turner Prize 
6021	Fae: Seelie & Unseel
6022	science satire
6023	metaphysical thrille
6024	shapeshifting
6025	real people
6027	short story collecti
6028	Lammy Award winner
6029	fantasy of manners
6030	coming out
6031	genderqueer
6032	psychological horror
6033	mermen
6034	evil children
6035	transgender
6036	fairy tell retelling
6037	asian mythology
6038	nazis
6039	revenants
6040	memoir
6041	parenting
6042	weird fiction
6043	literotica
6044	historical horror
6045	humorous horror
6046	incubus
6047	cannabilism
6048	greek mythology
6049	fairy tale retelling
6050	Lammy award finalist
6051	psychic abilities
6052	metaphysical
6053	Regency with magic
6054	alternate WWI with m
6055	ipulpfiction
6057	apes
6058	honorable mention da
6059	Ray Bradbury
6060	fae
6121	Queen Elizabeth I
6062	surrealism
6568	computer simulation
6730	Southern gothic
6066	body swap
6067	guardian angels
6551	comet-caused disaste
6069	Norma K. Hemming Awa
6070	picture book
6320	druids
6072	one religion
6073	fantasy, near future
6074	politics, chocolate
6075	christian sf
6076	fable
6077	lycans
6078	recursive sf
6079	Tim Hartwell Series
6080	Galon
6081	Wales
6082	Welsh Mythology 
6083	Tenby
6084	Pembrokeshire
6085	High-Fantasy
6086	Buckingham Palace
6087	Royal Wedding
6088	Tim Hartwell
6089	Cymru
6090	Brutus
6091	Troy
6092	Hector of Troy
6093	Goddess Diana
6094	Troia Nova
6095	Shield of Aeneas
6096	Tiberius Claudius Ca
6097	Livia
6098	Mausoleum of Augustu
6099	The Aeneid
6100	Underworld
6101	Snowdon
6102	Welsh
6103	Temple of Diana
6104	Royal Coat of Arms
6105	Heraldic Arms
6107	quantum computing
6108	sf art book
6110	Amish
6394	video game tie-in
6112	picture books for ol
6113	future Australia
6115	juvenile fantastic f
6120	William Shakespeare
6117	author portrait
6267	anthropomorphic
6119	juvenile urban fanta
6239	obituary
6240	Terry Carr
6241	J. G. Ballard
6242	girls
6243	nepal
6244	mountaineering
6245	mountain climbing
6246	himalayas
6247	wormhole
6248	meta sf
6249	esotericism
6250	costs of ftl travel
6251	craft book
6252	memory
6253	sexual identity
6254	beat generation
6255	reality transformed
6256	on czech sf
6258	titanic
6259	ancient rome
6260	macabre
6261	weird menace
6274	Venice
6275	dolls
6276	sharks
6277	brewing
6278	men
6279	Russian folklore
6280	sub-terranean
6281	value of humanity
6282	teen gothic
6283	teen fantastic ficti
6284	teen ghost
6288	history of sf
6287	platypus
6289	brainwashing
6290	young adult thriller
6291	spirituality
6299	teen time travel
6300	juvenile fantastic
6293	multiple personaliti
6294	armageddon
6296	vonnegut
6297	kurt vonnegut
6298	secondary literature
6301	Harry Harrison
6302	fountain of youth
6303	ABC Fiction Award wi
6304	teen supernatural th
6305	gestalt
6306	rock music
6307	contemporary
6308	rebirth
6309	juvenile alternate h
6562	teen speculative fic
6311	read by dgeiser13
6312	selkie
6313	1984
6314	George Orwell
6315	young adult steampun
6316	young adult alternat
6317	last human on earth
6318	historical China
6321	British Fantasy Awar
6322	comets
6323	teen fantastical
6324	on cyberpunk
6325	OpenLibrary
6327	poltergeist
6404	healers
6330	magicians
6332	leprechauns
6333	Marion Zimmer Bradle
6335	giant robots
6336	romantic suspense
6337	haiti
6338	non-fiction ghosts
6339	sea horror
6341	Philippines
6342	action
6343	Vatican City
6344	Brazil
6345	Turkey
6346	Yellow Peril
6347	Afghanistan
6348	Iraq
6349	rampaging robots
6350	to read by dgeiser13
6351	astronomy
6352	arms race
6353	Cantrip
6354	mice
6356	Harry Potter
6357	Ronald M. Hahn
6358	starshipsofa
6359	pulp
6360	A-to-Z of writers
6435	Horror: Another 100 
6362	The 5-Parsec Shelf
6363	Fantasy: The 100 Bes
6364	Horror: 100 Best Boo
6366	rabbits
6367	hamsters
6368	birds
6369	horses
6371	dystopian
6374	Japanese mythologica
6373	Japanese folklore el
6376	New Zealand Maori my
6377	dance
6378	tarot
6381	bards
6380	China
6382	weredragons
6383	social fiction
6439	philosophical quest
6385	animals
6388	post holocaust
6387	tsunamis
6389	Abebooks: 50 Essenti
6390	SF: The 100 Best Nov
6391	interstitial
6392	doppelgangers
6395	psy powers
6397	labyrinths
6398	solipsism
6399	swarm intelligence
6400	friendship
6401	Merlin
6402	young adult urban fa
6403	juvenile tall storie
6405	superweapons
6406	medieval manuscripts
6407	ghost story
6409	looking backward
6411	Samuel R. Delany
6412	Strugatskys
6413	Society for Creative
6414	empath
6415	supervillains
6416	supervillain
6417	tie-in
6418	nobel prize
6420	The Seven-League She
6421	puppets
6422	cryopreservation
6423	tattoos
6424	enhanced intelligenc
6425	illuminati
6427	end of the world
6428	supernatural mystery
6429	cooking
6430	squirrels
6431	mirrors
6432	neglected novel
6434	Book with list
6436	Modern Fantasy: The 
6437	99 Novels: The Best 
6440	South Africa
6441	alien invastion
6442	rats
6443	bats
6444	werecat
6445	sea
6446	World War I
6447	intelligent building
6448	curse
6449	young-adult mystery
6450	art book
6451	memory loss
6452	halloween
6453	supernatural suspens
6454	metaphysical romance
6458	Lester del Rey
6459	madness
6460	erotic romance
6461	time accelerated
6462	evolutionary step
6466	unz
6467	Jules Verne
6469	E. T. A. Hoffmann
6470	Fouqué
6471	Mary W. Shelley
6472	Wolfgang Jeschke
6473	paleolithic
6474	power by chance
6475	stimulants
6476	marriage
6478	Jack Vance
6480	lincoln
6484	aiens
6483	flat earth
6486	Croatia
6487	Israel
6488	Malaysia
7355	Oz
6492	Finland
6494	Harlan Ellison
6495	Kabbalah
6496	airships
6497	Laos
6498	Sudan
6499	fallen angels
6500	money
6501	Romania
6502	Robert Sheckley
6503	splatterpunk
6504	clown
6505	feng shui
6506	kidnapping
6507	worldcon
6508	Rapunzel
6509	bizarre
6510	Christian
6511	alien
6512	interdimensional
6513	good vs evil
6514	feudalism
6515	transwarp
6516	swordplay
6517	piloting
6518	warlocks
6638	subterranean civiliz
6521	airship
6523	horror films
6524	Brian W. Aldiss
6525	Helliconia
6526	stigmata
6527	young-adult alternat
6528	sports
6529	magnetic levitation
6569	humanity in danger
6570	time scoop
6571	Greek Tragedy
6572	Purposely Obvious
6573	Review of English Ur
6574	Commissioned by Maga
6578	memory replaced
6576	Mostly Serious
6577	Occasionally Funny
6579	computer in control
6580	changeling
6581	population ageing
6582	biology
6583	botany
6584	l
6585	medicine
6588	harpies
6591	hibernation
6590	reanimation
6592	sylphs
6593	science fiction anth
6594	best science fiction
6595	classic science fict
6596	scifi anthology
6597	classic scifi anthol
6598	monkeys
6599	identity
6600	antarctica
6601	everyday life
6602	rugby
6603	killer plants
6604	hellhounds
6605	prophecy
6606	human robot
6607	strange physics
6608	love
6609	high gravity
6611	modern fairy tales
6612	ley lines
6613	time stop
6623	deadly music
6624	underwater war
6625	nuclear winter
6626	sonnets
6627	con report
6628	on russian sf
6629	russian SF
6630	robotics
6634	celtic mythology
6633	planetary romance
6635	printsf
6636	cosmic horror
6637	supernatual horror
6639	manipulation in time
6640	young-adult thriller
6641	mobsters
6642	fairy dust
6643	strange vegetation
6644	bibliophily
6645	aesir
6646	immortals
6647	Carthage
6648	apocalyptic thriller
6649	bees
6650	what human is
6651	space lawyer
6652	space doctor
6653	gay sf
6654	scientist
6655	jedi
6656	star wars
6657	sword fighting
6658	lightsaber
6659	spells
6660	contact
6661	ethics
6662	food
6663	Fritz Leiber
6664	William Voltz
6665	cyborgs
6666	penny dreadful
6669	Mesopotamian history
6671	haunting
6672	disowned by its auth
6673	ubiquity
6674	orbital habitats
6675	guilt
6676	fetishism
6678	Alternate World
6679	time war
6680	ghost short stories
6681	paranormal stories
6682	paranormal short sto
6683	ghost stories anthol
6684	horror short stories
6685	classic horror
6686	horror stories antho
6687	award winning horror
6688	Anthology Finalist N
6689	assassins
6690	kafkaesque
6691	Frank Herbert
6692	Jack Williamson
6693	altered body
6694	timeslip
6695	Childrens SF
6696	geometric world
6697	jaguars
6698	death as a person
6700	WolfSinger
6701	post apocalyptic
6702	environmental issues
6703	Joy V. Smith
6704	racoons
6705	metaphorical
6706	thrillers
6707	giant sharks
6708	nymphs
6709	rescue mission
6710	pac-man
6711	My Grimmest Nightmar
6712	devolution
6717	christopher frame
6718	Saturn moon
6719	alien life
6720	last man on Earth
6723	bears
6724	surveillance
6725	sidhe
6743	education
6744	christian science fi
6746	children's fantasy
6747	creation
6748	children's perspecti
6749	slow time
6751	regeneration
6752	gender wars
6753	diversity
6754	economy
6755	prison camp
6756	privatization
6757	teen steampunk
6758	middle grades
6759	middle grades fantas
6760	Rosicrucians
6762	young adult ghost st
6763	1990 Best Anthology
6764	1996 Best Anthology
6765	2002 Best Anthology
6766	2001 Best Anthology
6777	1985 Best Anthology
6778	1988 Best Anthology
6769	1977 Best Anthology
6770	1978 Best Anthology
6771	1979 Best Anthology
6772	1980 Best Anthology
6773	1981 Best Anthology
6774	1987 Best Anthology
6775	1986 Best Anthology
6776	1984 Best Anthology
6779	1983 Best Anthology
6780	1982 Best Anthology
6781	1976 Best Anthology
6782	1975 Best Anthology
6783	1989 Best Anthology
6784	1974 Best Anthology
6785	1973 Best Anthology
6786	1972 Best Anthology
6787	2003 Best Anthology
6788	2004 Best Anthology
6789	2005 Best Anthology
6790	2006 Best Anthology
6791	1997 Best Anthology
6792	1998 Best Anthology
6793	2007 Best Anthology
6794	2008 Best Anthology
6797	1965 Best Anthology
6796	1971 Best Anthology
6798	1966 Best Anthology
6799	1967 Best Anthology
6800	1968 Best Anthology
6801	1969 Best Anthology
6802	1970 Best Anthology
6804	2009 Best Anthology
6805	2013 Best Anthology
6806	2012 Best Anthology
6807	2011 Best Anthology
6808	2010 Best Anthology
6809	2000 Best Anthology
6810	1999 Best Anthology
6811	1964 Best Anthology
6812	1963 Best Anthology
6813	1962 Best Anthology
6814	1961 Best Anthology
6815	1960 Best Anthology
6816	1959 Best Anthology
6817	1958 Best Anthology
6818	1957 Best Anthology
6819	1956 Best Anthology
6820	2014 Best Anthology
6821	1995 Best Anthology
6822	1994 Best Anthology
6823	1993 Best Anthology
6824	1992 Best Anthology
6825	1991 Best Anthology
6826	1954 Best Anthology
6827	1953 Best Anthology
6828	1952 Best Anthology
6829	1955 Best Anthology
6830	1951 Best Anthology
6831	1950 Best Anthology
6832	1949 Best Anthology
6835	1922 Best Anthology
6837	orcs
6840	Ouija board
6841	military horror
6842	1930's
6843	matter transformatio
6844	science as metaphor
6845	Napoleon
6846	quiz book
6847	middle grades myster
6848	John Dee
6849	middle grades urban 
6850	boggart
6851	forensic investigati
6852	juvenile non-fiction
6853	Hallowe'en
6855	history of the futur
6857	middle grades scienc
6858	young adult contempo
6859	teen contemporary fa
6860	library
6861	noveliztion
6863	Bussard ramjets
6864	Known Space
6865	megastructures
6866	memory RNA
6867	journal
6868	murder mystery
6869	alien medical
6870	homosexuality
6991	tongue in cheek
6872	psychopath
6873	disease
6874	Dickensian London
6875	parallel earths
6878	spiders
6879	The Art
6880	social networks
6882	Earth lost
6883	space emergency
6885	giants
6886	African
6887	Harry Mulisch
6888	Bram Stoker
6889	psychopathy
6890	death
6891	pact with the devil
6892	flash mobs
6893	alien encounter
6894	Dyson spheres
6895	blackmail
6896	black hole
6897	power grid
6898	exoplanet
6899	psycholoogy
6900	literature
6901	body snatchers
6902	uncanny
6903	eerie
6904	new england
6905	hereditary madness
6906	realism
6907	psychological
6909	middle passage
6910	jinn
6911	Africans
6912	female circumcision
6913	Ahosi
6917	animal gods
6915	duppy
6916	Caribbean
6918	African-Americans
6919	crack
6920	Adam, Eve, serpent
6921	Anansi
6922	Spiderman
6923	Magical Negro
6924	Texas
6925	Harlem
6928	soucouyant
6927	housing projects
6929	Manhattan
6930	genius
6988	future holidays
6932	Chicago
6933	oni
6934	slavery reparations
6935	interspecies sex
6936	rebellion
6937	writing
6938	minorities
6939	author
6942	Chrysler building
6941	minority characters
6943	TV novelization
6944	Reptilian aliens
6945	timequake
6946	eye in the sky
6947	on reading
6948	Jane Austen
6949	Catholicism
6950	chinese culture
6951	alcohol
6952	Urs Widmer
6953	H. R. Giger
6955	sadism
6956	Canada
6960	Alberta
6958	corporate espionage
6959	from video game
6961	hindu mythology
6962	aliem invasion
6963	mexico
6964	Michael Whelan
6965	Kate Wilhelm
6966	middle grades sf
6967	middle grades histor
6968	ancient Ireland
6969	nursery rhymes
6970	middle grades contem
6972	middle grades horror
6973	invisibiity
6974	Paul Lehr
6975	Dean Ellis
6976	Chris Foss
6977	John Berkey
6978	Hal Clement
6979	Finnish author
6980	John Varley
6981	list NPR Top100 (201
6982	Sword & Sorcery
6983	lies
6984	truth
6985	social engineering
6986	wormholes
6987	female soldier
6990	lonely alien
6992	old age
6993	police
6994	oil
6995	energy
6996	sociological genetic
6997	cows
7002	recursive fantasy
7000	futurology
7003	World War III
7006	poltergeists
7007	responsibility
7008	giant microbes
7009	megastarship
7010	Tokyo
7011	Theodore Sturgeon
7012	Victorian mystery
7013	Germanic mythology
7014	giant
7015	monster
7017	titans
7018	steampunk romance
7019	Arabian Nights inspi
7020	gothic poetry
7021	crows
7022	writer's guide
7023	hawaii
7024	football
7025	Michael Ende
7026	Robert Silverberg
7027	Damon Knight
7028	artist portrait
7029	Basques
7031	Tipler cylinder
7032	Einstein
7033	Hitler
7034	Stalin
7035	Mussolini
7036	Bob Dylan
7048	LGBT
7038	Hispanic
7039	Maya
7041	weird western
7042	griffins
7043	end of mankind
7044	intelligent flies
7045	Doctor Who
7046	tongue-in-cheek
7047	crypted history
7049	genies
7050	roman mythology
7051	lizards
7052	academia
7053	sorcery
7055	Tasmanian tigers
7056	Barsoom
7059	Changelings
7058	cosmogony
7060	Phantastik-Preis der
7061	middle grade fantasy
7062	Easter Island
7063	contemporary sf
7064	surveillance state
7065	contemorary fantasy
7066	transcendent awarene
7067	decayed metropolis
7068	New Mexico
7069	teen con
7070	William Gibson
7071	John Park
7072	Allyn Cadogan
7073	machines
7074	prognostication
7075	stylized
7076	hunting
7077	ironic
7078	automobiles
7079	blood sport
7080	humanoid robots
7081	mercenaries
7082	nonhuman point of vi
7083	personal copy
7084	volcano
7086	juvenile planetary a
7131	life cycle
7093	split personality
7094	biopunk
7095	djinn's
7096	old races
7097	shapeshifters
7098	space movement
7099	norlonto
7100	political science-fi
7101	military
7102	evolving program
7103	spacetime
7104	revelation space
7110	antikythera mechanis
7106	melding plague
7107	volition box
7108	lighthugger
7109	yellowstone
7111	alternate timelines
7112	alien world
7113	report
7114	games
7115	sound mirrors
7116	secret music
7117	knights
7118	Franson link
7119	causality
7120	lobots
7121	Flux Swimmer
7122	radio telescope
7123	parole evaluation
7124	prison train
7125	Benevolence
7126	Winged Man
7127	Skydrift
7128	bracelet
7129	branes
7130	quickening
7132	far futire
7133	future earth
7134	alien slaves
7135	feudal future
7136	behavior change
7137	moonshine
7138	puppeteer
7139	delusions of grandeu
7140	mutandis
7141	jealousy
7145	pseudo-religion
7146	Nixon
7147	malley mile
7148	smart matter
7149	gangster sf
7150	stranded
7151	spirits
7152	fusion
7153	atmospheric
7154	first person
7155	tinkers
7156	magic ring
7158	Crucible
7159	MH
7160	the Mechanism
7161	The owl boy and the 
7162	telepath
7163	Com`yn
7164	Darkover
7165	skipship
7170	Chiku
7167	the Sickening
7168	Tottori
7169	the Caprice
7172	samurais
7173	fanfic
7174	artilect
7175	Tantors
7180	mental abillities
7179	exiles
7182	Mandala
7183	clifford
7184	Risen
7185	watchkeepers
7186	eugenic slave
7187	godplague
7188	dragon
7189	network
7190	the Brain
7191	secret door
7192	the Magician
7193	sailship
7194	sailingship
7195	tracking
7197	minds copying
7199	prisoncamp
7200	tetra
7201	nurse
7202	handicapt children
7203	creditcards
7204	pilot
7205	star wars universe
7206	owls
7207	toys
7208	gel
7211	dwarfcraft
7210	deep sea trough
7212	sea goddess
7213	husbands
7214	darkship
7215	2015 Best Anthology
7216	Tuoni
7217	death house
7218	halo
7219	Oranen
7220	lovegety
7226	project
7222	possessed typewriter
7223	posessed typewriter
7224	alcubierre drive
7225	educator
7227	beauty
7228	Imhotep Austin
7229	microfiction
7231	foxes
7232	carnival
7233	Possible
7234	HathiTrust Digital L
7235	guilt trip
7236	leopards
7237	trivia
7238	Million Writers Awar
7240	Theodore Sturgeon Me
7241	WSFA Small Press Awa
7242	Parsec Award - final
7243	Parsec Award - winne
7244	garbage
7245	Saturn's rings
7246	near space
7248	deepsea
7249	refuge
7250	through the looking 
7252	jurisdiction
7253	involuntary teleport
7254	alien point of view
7255	artificial universes
7256	parallel universes
7257	postapocalyptic
7258	social satire
7259	alien uprising
7260	mutant revolt
7261	cybernetics
7262	hallucinatory
7263	social experimentati
7264	global disaster
7265	solar system travel
7266	ghouls
7267	humanoid aliens
7268	family structure
7269	future society
7270	insect fear
7271	African killer bees
7272	biological warfare
7273	Nostradamus
7274	gypsies
7275	1950s
7276	alien symbiont
7277	fan publishing
7278	remote viewing
7279	Baron Munchausen
7280	corporate memos
7281	computerized emotion
7282	show business
7286	exobiology
7284	snake people
7285	Amazon jungle
7287	multiple personality
7291	labor relations
7289	government regulatio
7290	huntsman in the wood
7292	bible
7293	sea voyage
7294	princess
7295	retold classics
7298	lunar mission
7299	amateur space explor
7300	David Bowie
7301	snakes
7302	cliamate change
7303	haunted room
7304	author protagonist
7305	torture
7306	banana republic
7307	marital strife
7308	pets
7309	serial murderer
7310	luck
7311	john dillinger
7312	the depression
7313	cops and robbers
7314	Dark Tower world
7315	magical painting
7316	marital discord
7317	homicidal maniac
7318	deja vu
7319	jim morrison
7320	nuclear disaster
7321	foretelling
7322	Chinese mythology
7323	Lucius Shepard
7324	Greg Egan
7325	Carter Scholz
7326	David I. Masson
7327	re-mastered
7329	aztecs
7330	19th century
7331	mayans
7332	korea
7333	bisexual erotica
7335	15th century
7336	21st century
7337	arthurian
7338	social media
7339	historical thriller
7340	ambiguous utopia
7341	Karel Thole
7343	moving worlds
7345	merfolk
7346	Cedar Hill
7347	sleeve
7348	envoy
7349	on writing
7350	conceptual breakthro
7352	David H. Keller
7353	religious sf
7354	Oliver Scholl
7356	submarine
7357	gamebook
7358	ancient Greece
7359	choose your own adve
7360	17th century
7361	16th century
7362	conquistadors
7363	18th century
7364	French revolution
7365	expressionism
7366	Dream Archipelago co
7367	Borneo
7368	France
7369	Cambodia
7370	Alfred Leman
7372	Gollancz SF Masterwo
7373	gothic horror
7374	Greenland
7376	Sri Lanka
7379	Pacific
7380	computing
7381	Samoa
7382	Australia
7383	cosy catastrophe
7385	Spain
7386	Madagascar
7387	kaiju
7388	sf romance
7389	George Griffith
7390	Alfred Jarry
7391	Allegorical of the V
7392	Allegorical of the F
7393	rape
7394	post World War II
7395	Bradbury
7396	black humor
7397	Thomas Franke
7398	asimov's laws
7399	extrasolar colonies
7400	ancient enemy
7401	amoeboid monster
7402	Peckhamian mimicry
7403	recursive sf (NESFA 
7404	Kurt Mahr
7407	rays
7406	biological science f
7408	Poland
7409	free verse
7410	comet impact
7411	computer virus
7412	publishing
7413	criminal justice
7414	animism
7415	translated from Fren
7416	patriarchical oppres
7417	Imperial China
7418	alien society
7419	poems
7420	universal ecology
7421	spectator combat
7422	prostitution
7423	psychological myster
7424	farming
7425	Tudor England
7426	inspired by Alice in
7427	supernova
7428	Rainer Castor
7429	Forrest J. Ackerman
7430	alternate personalit
7431	psychopomp
7432	nom de plume
7433	alternate London
7434	Irish Stories
7452	Allegorical of the C
7436	chess
7438	pandas
7440	killer robots
7441	Beauty & the Beast r
7443	virtuality
7444	FTL travel
7445	self-replicating nan
7446	interstellar conflic
7447	virtual war
7448	avatars
7449	Cuba
7453	Klondike gold rush
7454	Japanese mythology
7455	Samurai period
7456	teller of tales
7457	ecological catastrop
7458	reality adventure sh
7459	non-violence
7460	Herbert W. Franke
7461	ahimsa anthology
7462	Guatemala
7463	Puerto Rico
7464	Central America
7465	banned books
7466	Kazakhstan
7467	South Korea
7468	Canadian
7469	telecommunications s
7470	calculating machines
7471	psychic vampire
7472	alien sex
7473	Tycho Brahe
7474	heliocentric theory
7475	merchandising
7476	interstellar warfare
7477	Caribbean immigrants
7478	body switching
7479	cultural norms of be
7480	urban hunter-gathere
7481	globalization
7482	American civil war
7483	small farm
7484	bilingualism
7485	genetic syndrome
7486	environmental toxins
7487	Toronto
7488	photographic film
7489	cameras
7490	alien visitors
7491	human artifacts
7492	cyborg enhancements
7493	sexbots
7494	computerized surveil
7495	crime fighting
7496	Cameroon
7497	popular music indust
7498	computer simulations
7499	crfiticism
7500	Venezuela
7501	aliens on Earth
7502	networked computing
7503	Presidents
7504	Heinrich Steinfest
7505	stamps
7506	ecological disaster
7507	drought
7508	Clark Darlton
7509	on Japanese sf
7510	Barry N. Malzberg
7511	time perturbations
7514	encounter with Death
7515	magical realm
7516	libertarian
7517	alien technology
7518	FBI
7519	castles
7520	alien-human symbiosi
7521	Cyprus
7522	Arab states
7523	writers
7524	Zimbabwe
7525	fortune-telling
7526	science-fiction
7529	cross-species romanc
7530	new adult romance
7531	greed
7532	greek pantheon
7533	Iain M. Banks
7534	Klaus N. Frick
7535	faster than light tr
7536	skunks
7537	statistics
7538	john w. campbell
7539	Astounding Science F
7540	souls
7541	soft sf
7542	interstellar flight
7543	interstellar coloniz
7544	fables
7545	combat
7548	orbital military lau
7547	extrastellar travel
7549	space combat
7550	Norse Iceland
7551	tribal culture
7552	military hardware
7553	Phobos
7554	Oriental emperor
